Text,Options1,Options2,Options3,Options4,Answer
What is the capital of France?,London,Berlin,Paris,Rome,Paris
What is the tallest mountain in the world?,Mount Everest,K2,Kangchenjunga,Lhotse,Mount Everest
What is the largest ocean on Earth?,Pacific Ocean,Atlantic Ocean,Indian Ocean,Arctic Ocean,Pacific Ocean
Who painted the Mona Lisa?,Leonardo da Vinci,Michelangelo,Raphael,Sandro Botticelli,Leonardo da Vinci
In which year did the first successful flight of the Wright Brothers take place?,1927,1896,1912,1903,1903